feature,reference_mean,current_mean,delta,psi,status
final_soh,0.8353808894955244,0.8451588005008994,0.009777911005375062,1.24099589412698,alert
capacity_fade_rate,0.0003602769191741083,0.00034733810527935553,-1.2938813894752745e-05,0.29072564043142707,alert
resistance_growth_rate,0.002518151277149744,0.002302309417639867,-0.00021584185950987694,0.4719196098633951,alert
peak_temperature_max,45.795273809523806,46.034,0.2387261904761928,1.285045049368495,alert
fast_charge_ratio,0.2731309523809524,0.28883333333333333,0.015702380952380912,0.3154866508792773,alert
high_temp_exposure_hours,95.74047619047619,94.39722222222223,-1.3432539682539613,0.16774842557748856,watch
failure_probability,0.30715357142857147,0.26,-0.04715357142857146,0.20971146789633957,watch
