bin,n,mean_predicted_probability,observed_escalation_rate
"(-0.001, 0.2]",26,0.04966298374331209,0.0
"(0.2, 0.4]",1,0.3333841356265519,0.0
"(0.4, 0.6]",2,0.5212783225609648,0.5
"(0.6, 0.8]",3,0.708741345794634,0.3333333333333333
"(0.8, 1.0]",4,0.9291580522735924,1.0
